batalhao,exoneracoes,demissoes,requeridas_2025,requeridas_2026,requeridas_total,movimentacoes_saldo,situacao_media,deficit_situacional,reestruturacao_interior_litoral,ajuste_necessidade,necessidade_de_efetivo
1º BPM,0,6,14,3,17,-39,-62,62,,-20,42
2º BPM,4,3,25,10,35,-52,-94,94,,-50,44
3º BPM,2,3,13,5,18,-64,-87,87,,-30,57
4º BPM,3,5,17,7,24,-14,-46,46,,-10,36
5º BPM,1,3,11,3,14,0,-18,18,,,18
6º BPM,1,13,13,2,15,-3,-32,32,,,32
7º BPM,0,3,9,6,15,10,-8,8,,24,32
8º BPM,3,6,3,4,7,-22,-38,38,,,38
9º BPM,0,7,13,4,17,-10,-34,34,,,34
10º BPM,0,4,10,4,14,-60,-78,78,,-40,38
11º BPM,0,4,23,10,33,-37,-74,74,,-30,44
12º BPM,9,8,4,1,5,-40,-62,62,,-10,52
13º BPM,1,3,5,1,6,10,0,48,,,48
14º BPM,1,9,8,0,8,-36,-54,54,,,54
15º BPM,1,2,5,4,9,2,-10,10,,30,40
16º BPM,2,5,6,4,10,-41,-58,58,,,58
17º BPM,2,12,7,1,8,-4,-26,26,,,26
18º BPM,3,11,8,2,10,-32,-56,56,,,56
19º BPM,4,8,5,3,8,5,-15,15,,35,50
20º BPM,3,8,9,3,12,-24,-47,47,,,47
21º BPM,1,5,9,3,12,-30,-48,48,,,48
22º BPM,1,4,4,3,7,-22,-34,34,,,34
23º BPM,1,6,7,3,10,-5,-22,22,,,22
24º BPM,1,9,9,7,16,-10,-36,36,,,36
25º BPM,5,3,8,1,9,7,-10,10,,30,40
26º BPM,1,6,6,0,6,-9,-22,22,39,-10,51
27º BPM,0,2,9,4,13,17,2,0,24,,24
28º BPM,0,4,9,3,12,33,17,0,63,,63
29º BPM,1,1,16,2,18,0,-20,20,28,-10,38
30º BPM,1,1,13,1,14,17,1,0,35,,35
31º BPM,2,0,1,0,1,29,26,0,51,,51
32º BPM,0,1,9,1,10,25,14,0,44,,44
33º BPM,1,4,7,2,9,22,8,0,71,,71
34º BPM,5,1,5,3,8,73,59,0,55,-20,35
TOTAL,60,170,320,110,430,-304,-964,1139,410,-111,1438
